producer;producerName;weight;type;collectorC;collectorS;collectorCi;pCompany;collector;collectorName;producerC;producerS;producerCi
1;Productor 1;3032.03;1;Costa Rica;Alajuela;Alajuela;Chevron;12;Casella Waste Systems;Mexico;Mexico;Mexico City
1;Productor 1;2406.10;1;Costa Rica;Cartago;Cartago;Chevron;13;GFL Environmental;Mexico;Mexico;Mexico City
1;Productor 1;2505.90;1;Costa Rica;Guanacaste;Liberia;Chevron;15;Wheelabrator;Mexico;Mexico;Mexico City
1;Productor 1;2532.84;1;Costa Rica;Heredia;Heredia;Chevron;14;New Jersey Resources;Mexico;Mexico;Mexico City
1;Productor 1;3134.14;1;Costa Rica;Limon;Limon;Chevron;17;Waste Industries of Canada;Mexico;Mexico;Mexico City
1;Productor 1;2414.08;1;Costa Rica;Puntarenas;Puntarenas;Chevron;16;Waste Connections of Canada;Mexico;Mexico;Mexico City
1;Productor 1;2699.81;1;Costa Rica;San Jose;San Jose;Chevron;11;Rumpke Consolidated Companies;Mexico;Mexico;Mexico City
1;Productor 1;2999.54;1;Mexico;Baja California;Tijuana;Chevron;4;Waste Industries;Mexico;Mexico;Mexico City
1;Productor 1;2841.90;1;Mexico;Chihuahua;Ciudad Juarez;Chevron;6;Veolia Environmental Services;Mexico;Mexico;Mexico City
1;Productor 1;2990.30;1;Mexico;Jalisco;Guadalajara;Chevron;2;Republic Services;Mexico;Mexico;Mexico City
1;Productor 1;2962.22;1;Mexico;Mexico;Mexico City;Chevron;1;Waste Management;Mexico;Mexico;Mexico City
1;Productor 1;3046.46;1;Mexico;Nuevo Leon;Monterrey;Chevron;3;Waste Connections;Mexico;Mexico;Mexico City
1;Productor 1;2578.21;1;Mexico;Oaxaca;Oaxaca de Juarez;Chevron;9;Waste Pro;Mexico;Mexico;Mexico City
1;Productor 1;3138.20;1;Mexico;Puebla;Puebla;Chevron;5;Advanced Disposal Services;Mexico;Mexico;Mexico City
1;Productor 1;2775.85;1;Mexico;Quintana Roo;Cancun;Chevron;7;Clean Harbors;Mexico;Mexico;Mexico City
1;Productor 1;2677.93;1;Mexico;San Luis Potosi;San Luis Potosi;Chevron;10;Covanta Energy;Mexico;Mexico;Mexico City
1;Productor 1;3658.99;1;Mexico;Sonora;Hermosillo;Chevron;8;Stericycle;Mexico;Mexico;Mexico City
1;Productor 1;3611.23;1;United States;Arizona;Phoenix;Chevron;18;Green For Life Environmental;Mexico;Mexico;Mexico City
1;Productor 1;2851.68;1;United States;Arkansas;Little Rock;Chevron;19;Progressive Waste Solutions;Mexico;Mexico;Mexico City
1;Productor 1;2599.55;1;United States;California;Los Angeles;Chevron;20;Waste Management of Canada;Mexico;Mexico;Mexico City
2;Productor 2;3202.70;1;Costa Rica;Alajuela;Alajuela;Apple;12;Casella Waste Systems;Mexico;Jalisco;Guadalajara
2;Productor 2;2629.33;1;Costa Rica;Cartago;Cartago;Apple;13;GFL Environmental;Mexico;Jalisco;Guadalajara
2;Productor 2;2570.19;1;Costa Rica;Guanacaste;Liberia;Apple;15;Wheelabrator;Mexico;Jalisco;Guadalajara
2;Productor 2;2734.28;1;Costa Rica;Heredia;Heredia;Apple;14;New Jersey Resources;Mexico;Jalisco;Guadalajara
2;Productor 2;2078.56;1;Costa Rica;Limon;Limon;Apple;17;Waste Industries of Canada;Mexico;Jalisco;Guadalajara
2;Productor 2;2510.23;1;Costa Rica;Puntarenas;Puntarenas;Apple;16;Waste Connections of Canada;Mexico;Jalisco;Guadalajara
2;Productor 2;2672.81;1;Costa Rica;San Jose;San Jose;Apple;11;Rumpke Consolidated Companies;Mexico;Jalisco;Guadalajara
2;Productor 2;3303.52;1;Mexico;Baja California;Tijuana;Apple;4;Waste Industries;Mexico;Jalisco;Guadalajara
2;Productor 2;3494.27;1;Mexico;Chihuahua;Ciudad Juarez;Apple;6;Veolia Environmental Services;Mexico;Jalisco;Guadalajara
2;Productor 2;3080.21;1;Mexico;Jalisco;Guadalajara;Apple;2;Republic Services;Mexico;Jalisco;Guadalajara
2;Productor 2;2270.15;1;Mexico;Mexico;Mexico City;Apple;1;Waste Management;Mexico;Jalisco;Guadalajara
2;Productor 2;3053.00;1;Mexico;Nuevo Leon;Monterrey;Apple;3;Waste Connections;Mexico;Jalisco;Guadalajara
2;Productor 2;3162.71;1;Mexico;Oaxaca;Oaxaca de Juarez;Apple;9;Waste Pro;Mexico;Jalisco;Guadalajara
2;Productor 2;2564.15;1;Mexico;Puebla;Puebla;Apple;5;Advanced Disposal Services;Mexico;Jalisco;Guadalajara
2;Productor 2;3167.16;1;Mexico;Quintana Roo;Cancun;Apple;7;Clean Harbors;Mexico;Jalisco;Guadalajara
2;Productor 2;2351.44;1;Mexico;San Luis Potosi;San Luis Potosi;Apple;10;Covanta Energy;Mexico;Jalisco;Guadalajara
2;Productor 2;2288.20;1;Mexico;Sonora;Hermosillo;Apple;8;Stericycle;Mexico;Jalisco;Guadalajara
2;Productor 2;2244.78;1;United States;Arizona;Phoenix;Apple;18;Green For Life Environmental;Mexico;Jalisco;Guadalajara
2;Productor 2;3276.39;1;United States;Arkansas;Little Rock;Apple;19;Progressive Waste Solutions;Mexico;Jalisco;Guadalajara
2;Productor 2;3293.89;1;United States;California;Los Angeles;Apple;20;Waste Management of Canada;Mexico;Jalisco;Guadalajara
3;Productor 3;2717.15;1;Costa Rica;Alajuela;Alajuela;Ford;12;Casella Waste Systems;Mexico;Nuevo Leon;Monterrey
3;Productor 3;2523.03;1;Costa Rica;Cartago;Cartago;Ford;13;GFL Environmental;Mexico;Nuevo Leon;Monterrey
3;Productor 3;2233.73;1;Costa Rica;Guanacaste;Liberia;Ford;15;Wheelabrator;Mexico;Nuevo Leon;Monterrey
3;Productor 3;2017.89;1;Costa Rica;Heredia;Heredia;Ford;14;New Jersey Resources;Mexico;Nuevo Leon;Monterrey
3;Productor 3;2146.81;1;Costa Rica;Limon;Limon;Ford;17;Waste Industries of Canada;Mexico;Nuevo Leon;Monterrey
3;Productor 3;3137.56;1;Costa Rica;Puntarenas;Puntarenas;Ford;16;Waste Connections of Canada;Mexico;Nuevo Leon;Monterrey
3;Productor 3;3196.30;1;Costa Rica;San Jose;San Jose;Ford;11;Rumpke Consolidated Companies;Mexico;Nuevo Leon;Monterrey
3;Productor 3;1908.98;1;Mexico;Baja California;Tijuana;Ford;4;Waste Industries;Mexico;Nuevo Leon;Monterrey
3;Productor 3;2714.50;1;Mexico;Chihuahua;Ciudad Juarez;Ford;6;Veolia Environmental Services;Mexico;Nuevo Leon;Monterrey
3;Productor 3;3135.77;1;Mexico;Jalisco;Guadalajara;Ford;2;Republic Services;Mexico;Nuevo Leon;Monterrey
3;Productor 3;2810.07;1;Mexico;Mexico;Mexico City;Ford;1;Waste Management;Mexico;Nuevo Leon;Monterrey
3;Productor 3;2062.01;1;Mexico;Nuevo Leon;Monterrey;Ford;3;Waste Connections;Mexico;Nuevo Leon;Monterrey
3;Productor 3;3037.86;1;Mexico;Oaxaca;Oaxaca de Juarez;Ford;9;Waste Pro;Mexico;Nuevo Leon;Monterrey
3;Productor 3;1912.57;1;Mexico;Puebla;Puebla;Ford;5;Advanced Disposal Services;Mexico;Nuevo Leon;Monterrey
3;Productor 3;2111.15;1;Mexico;Quintana Roo;Cancun;Ford;7;Clean Harbors;Mexico;Nuevo Leon;Monterrey
3;Productor 3;2687.36;1;Mexico;San Luis Potosi;San Luis Potosi;Ford;10;Covanta Energy;Mexico;Nuevo Leon;Monterrey
3;Productor 3;2630.83;1;Mexico;Sonora;Hermosillo;Ford;8;Stericycle;Mexico;Nuevo Leon;Monterrey
3;Productor 3;2123.42;1;United States;Arizona;Phoenix;Ford;18;Green For Life Environmental;Mexico;Nuevo Leon;Monterrey
3;Productor 3;2711.91;1;United States;Arkansas;Little Rock;Ford;19;Progressive Waste Solutions;Mexico;Nuevo Leon;Monterrey
3;Productor 3;2865.76;1;United States;California;Los Angeles;Ford;20;Waste Management of Canada;Mexico;Nuevo Leon;Monterrey
4;Productor 4;3407.89;1;Costa Rica;Alajuela;Alajuela;Monsanto;12;Casella Waste Systems;Mexico;Baja California;Tijuana
4;Productor 4;2424.92;1;Costa Rica;Cartago;Cartago;Monsanto;13;GFL Environmental;Mexico;Baja California;Tijuana
4;Productor 4;2373.17;1;Costa Rica;Guanacaste;Liberia;Monsanto;15;Wheelabrator;Mexico;Baja California;Tijuana
4;Productor 4;2811.41;1;Costa Rica;Heredia;Heredia;Monsanto;14;New Jersey Resources;Mexico;Baja California;Tijuana
4;Productor 4;2430.26;1;Costa Rica;Limon;Limon;Monsanto;17;Waste Industries of Canada;Mexico;Baja California;Tijuana
4;Productor 4;2896.01;1;Costa Rica;Puntarenas;Puntarenas;Monsanto;16;Waste Connections of Canada;Mexico;Baja California;Tijuana
4;Productor 4;2442.84;1;Costa Rica;San Jose;San Jose;Monsanto;11;Rumpke Consolidated Companies;Mexico;Baja California;Tijuana
4;Productor 4;2452.67;1;Mexico;Baja California;Tijuana;Monsanto;4;Waste Industries;Mexico;Baja California;Tijuana
4;Productor 4;2440.78;1;Mexico;Chihuahua;Ciudad Juarez;Monsanto;6;Veolia Environmental Services;Mexico;Baja California;Tijuana
4;Productor 4;3328.88;1;Mexico;Jalisco;Guadalajara;Monsanto;2;Republic Services;Mexico;Baja California;Tijuana
4;Productor 4;2077.50;1;Mexico;Mexico;Mexico City;Monsanto;1;Waste Management;Mexico;Baja California;Tijuana
4;Productor 4;2702.49;1;Mexico;Nuevo Leon;Monterrey;Monsanto;3;Waste Connections;Mexico;Baja California;Tijuana
4;Productor 4;2548.51;1;Mexico;Oaxaca;Oaxaca de Juarez;Monsanto;9;Waste Pro;Mexico;Baja California;Tijuana
4;Productor 4;3364.05;1;Mexico;Puebla;Puebla;Monsanto;5;Advanced Disposal Services;Mexico;Baja California;Tijuana
4;Productor 4;2914.30;1;Mexico;Quintana Roo;Cancun;Monsanto;7;Clean Harbors;Mexico;Baja California;Tijuana
4;Productor 4;2820.40;1;Mexico;San Luis Potosi;San Luis Potosi;Monsanto;10;Covanta Energy;Mexico;Baja California;Tijuana
4;Productor 4;2356.94;1;Mexico;Sonora;Hermosillo;Monsanto;8;Stericycle;Mexico;Baja California;Tijuana
4;Productor 4;3213.00;1;United States;Arizona;Phoenix;Monsanto;18;Green For Life Environmental;Mexico;Baja California;Tijuana
4;Productor 4;3495.97;1;United States;Arkansas;Little Rock;Monsanto;19;Progressive Waste Solutions;Mexico;Baja California;Tijuana
4;Productor 4;3148.26;1;United States;California;Los Angeles;Monsanto;20;Waste Management of Canada;Mexico;Baja California;Tijuana
5;Productor 5;1637.96;1;Costa Rica;Alajuela;Alajuela;Walmart;12;Casella Waste Systems;Mexico;Puebla;Puebla
5;Productor 5;2488.10;1;Costa Rica;Cartago;Cartago;Walmart;13;GFL Environmental;Mexico;Puebla;Puebla
5;Productor 5;2224.50;1;Costa Rica;Guanacaste;Liberia;Walmart;15;Wheelabrator;Mexico;Puebla;Puebla
5;Productor 5;3191.67;1;Costa Rica;Heredia;Heredia;Walmart;14;New Jersey Resources;Mexico;Puebla;Puebla
5;Productor 5;2791.09;1;Costa Rica;Limon;Limon;Walmart;17;Waste Industries of Canada;Mexico;Puebla;Puebla
5;Productor 5;2487.03;1;Costa Rica;Puntarenas;Puntarenas;Walmart;16;Waste Connections of Canada;Mexico;Puebla;Puebla
5;Productor 5;3199.42;1;Costa Rica;San Jose;San Jose;Walmart;11;Rumpke Consolidated Companies;Mexico;Puebla;Puebla
5;Productor 5;2053.25;1;Mexico;Baja California;Tijuana;Walmart;4;Waste Industries;Mexico;Puebla;Puebla
5;Productor 5;2925.12;1;Mexico;Chihuahua;Ciudad Juarez;Walmart;6;Veolia Environmental Services;Mexico;Puebla;Puebla
5;Productor 5;3359.09;1;Mexico;Jalisco;Guadalajara;Walmart;2;Republic Services;Mexico;Puebla;Puebla
5;Productor 5;2780.96;1;Mexico;Mexico;Mexico City;Walmart;1;Waste Management;Mexico;Puebla;Puebla
5;Productor 5;3283.63;1;Mexico;Nuevo Leon;Monterrey;Walmart;3;Waste Connections;Mexico;Puebla;Puebla
5;Productor 5;2997.45;1;Mexico;Oaxaca;Oaxaca de Juarez;Walmart;9;Waste Pro;Mexico;Puebla;Puebla
5;Productor 5;2146.79;1;Mexico;Puebla;Puebla;Walmart;5;Advanced Disposal Services;Mexico;Puebla;Puebla
5;Productor 5;3424.60;1;Mexico;Quintana Roo;Cancun;Walmart;7;Clean Harbors;Mexico;Puebla;Puebla
5;Productor 5;2318.78;1;Mexico;San Luis Potosi;San Luis Potosi;Walmart;10;Covanta Energy;Mexico;Puebla;Puebla
5;Productor 5;2616.85;1;Mexico;Sonora;Hermosillo;Walmart;8;Stericycle;Mexico;Puebla;Puebla
5;Productor 5;2623.92;1;United States;Arizona;Phoenix;Walmart;18;Green For Life Environmental;Mexico;Puebla;Puebla
5;Productor 5;2988.21;1;United States;Arkansas;Little Rock;Walmart;19;Progressive Waste Solutions;Mexico;Puebla;Puebla
5;Productor 5;2471.81;1;United States;California;Los Angeles;Walmart;20;Waste Management of Canada;Mexico;Puebla;Puebla
6;Productor 6;3244.84;1;Costa Rica;Alajuela;Alajuela;FedEx;12;Casella Waste Systems;Mexico;Chihuahua;Ciudad Juarez
6;Productor 6;2875.03;1;Costa Rica;Cartago;Cartago;FedEx;13;GFL Environmental;Mexico;Chihuahua;Ciudad Juarez
6;Productor 6;2669.90;1;Costa Rica;Guanacaste;Liberia;FedEx;15;Wheelabrator;Mexico;Chihuahua;Ciudad Juarez
6;Productor 6;2603.40;1;Costa Rica;Heredia;Heredia;FedEx;14;New Jersey Resources;Mexico;Chihuahua;Ciudad Juarez
6;Productor 6;2177.90;1;Costa Rica;Limon;Limon;FedEx;17;Waste Industries of Canada;Mexico;Chihuahua;Ciudad Juarez
6;Productor 6;2854.10;1;Costa Rica;Puntarenas;Puntarenas;FedEx;16;Waste Connections of Canada;Mexico;Chihuahua;Ciudad Juarez
6;Productor 6;2353.97;1;Costa Rica;San Jose;San Jose;FedEx;11;Rumpke Consolidated Companies;Mexico;Chihuahua;Ciudad Juarez
6;Productor 6;2690.43;1;Mexico;Baja California;Tijuana;FedEx;4;Waste Industries;Mexico;Chihuahua;Ciudad Juarez
6;Productor 6;2188.99;1;Mexico;Chihuahua;Ciudad Juarez;FedEx;6;Veolia Environmental Services;Mexico;Chihuahua;Ciudad Juarez
6;Productor 6;3052.52;1;Mexico;Jalisco;Guadalajara;FedEx;2;Republic Services;Mexico;Chihuahua;Ciudad Juarez
6;Productor 6;2532.92;1;Mexico;Mexico;Mexico City;FedEx;1;Waste Management;Mexico;Chihuahua;Ciudad Juarez
6;Productor 6;2191.11;1;Mexico;Nuevo Leon;Monterrey;FedEx;3;Waste Connections;Mexico;Chihuahua;Ciudad Juarez
6;Productor 6;2747.00;1;Mexico;Oaxaca;Oaxaca de Juarez;FedEx;9;Waste Pro;Mexico;Chihuahua;Ciudad Juarez
6;Productor 6;3270.08;1;Mexico;Puebla;Puebla;FedEx;5;Advanced Disposal Services;Mexico;Chihuahua;Ciudad Juarez
6;Productor 6;2264.94;1;Mexico;Quintana Roo;Cancun;FedEx;7;Clean Harbors;Mexico;Chihuahua;Ciudad Juarez
6;Productor 6;3712.99;1;Mexico;San Luis Potosi;San Luis Potosi;FedEx;10;Covanta Energy;Mexico;Chihuahua;Ciudad Juarez
6;Productor 6;2531.65;1;Mexico;Sonora;Hermosillo;FedEx;8;Stericycle;Mexico;Chihuahua;Ciudad Juarez
6;Productor 6;2660.85;1;United States;Arizona;Phoenix;FedEx;18;Green For Life Environmental;Mexico;Chihuahua;Ciudad Juarez
6;Productor 6;2118.69;1;United States;Arkansas;Little Rock;FedEx;19;Progressive Waste Solutions;Mexico;Chihuahua;Ciudad Juarez
6;Productor 6;2506.27;1;United States;California;Los Angeles;FedEx;20;Waste Management of Canada;Mexico;Chihuahua;Ciudad Juarez
7;Productor 7;3237.85;1;Costa Rica;Alajuela;Alajuela;Kaiser Permanente;12;Casella Waste Systems;Mexico;Quintana Roo;Cancun
7;Productor 7;3106.99;1;Costa Rica;Cartago;Cartago;Kaiser Permanente;13;GFL Environmental;Mexico;Quintana Roo;Cancun
7;Productor 7;2954.95;1;Costa Rica;Guanacaste;Liberia;Kaiser Permanente;15;Wheelabrator;Mexico;Quintana Roo;Cancun
7;Productor 7;3268.97;1;Costa Rica;Heredia;Heredia;Kaiser Permanente;14;New Jersey Resources;Mexico;Quintana Roo;Cancun
7;Productor 7;2653.30;1;Costa Rica;Limon;Limon;Kaiser Permanente;17;Waste Industries of Canada;Mexico;Quintana Roo;Cancun
7;Productor 7;1857.19;1;Costa Rica;Puntarenas;Puntarenas;Kaiser Permanente;16;Waste Connections of Canada;Mexico;Quintana Roo;Cancun
7;Productor 7;2761.50;1;Costa Rica;San Jose;San Jose;Kaiser Permanente;11;Rumpke Consolidated Companies;Mexico;Quintana Roo;Cancun
7;Productor 7;3512.58;1;Mexico;Baja California;Tijuana;Kaiser Permanente;4;Waste Industries;Mexico;Quintana Roo;Cancun
7;Productor 7;2828.57;1;Mexico;Chihuahua;Ciudad Juarez;Kaiser Permanente;6;Veolia Environmental Services;Mexico;Quintana Roo;Cancun
7;Productor 7;3081.04;1;Mexico;Jalisco;Guadalajara;Kaiser Permanente;2;Republic Services;Mexico;Quintana Roo;Cancun
7;Productor 7;3073.82;1;Mexico;Mexico;Mexico City;Kaiser Permanente;1;Waste Management;Mexico;Quintana Roo;Cancun
7;Productor 7;3738.41;1;Mexico;Nuevo Leon;Monterrey;Kaiser Permanente;3;Waste Connections;Mexico;Quintana Roo;Cancun
7;Productor 7;2112.86;1;Mexico;Oaxaca;Oaxaca de Juarez;Kaiser Permanente;9;Waste Pro;Mexico;Quintana Roo;Cancun
7;Productor 7;2460.08;1;Mexico;Puebla;Puebla;Kaiser Permanente;5;Advanced Disposal Services;Mexico;Quintana Roo;Cancun
7;Productor 7;2086.77;1;Mexico;Quintana Roo;Cancun;Kaiser Permanente;7;Clean Harbors;Mexico;Quintana Roo;Cancun
7;Productor 7;3099.75;1;Mexico;San Luis Potosi;San Luis Potosi;Kaiser Permanente;10;Covanta Energy;Mexico;Quintana Roo;Cancun
7;Productor 7;3199.31;1;Mexico;Sonora;Hermosillo;Kaiser Permanente;8;Stericycle;Mexico;Quintana Roo;Cancun
7;Productor 7;2682.26;1;United States;Arizona;Phoenix;Kaiser Permanente;18;Green For Life Environmental;Mexico;Quintana Roo;Cancun
7;Productor 7;2957.05;1;United States;Arkansas;Little Rock;Kaiser Permanente;19;Progressive Waste Solutions;Mexico;Quintana Roo;Cancun
7;Productor 7;3269.97;1;United States;California;Los Angeles;Kaiser Permanente;20;Waste Management of Canada;Mexico;Quintana Roo;Cancun
8;Productor 8;2488.55;1;Costa Rica;Alajuela;Alajuela;Harvard University;12;Casella Waste Systems;Mexico;Sonora;Hermosillo
8;Productor 8;2871.37;1;Costa Rica;Cartago;Cartago;Harvard University;13;GFL Environmental;Mexico;Sonora;Hermosillo
8;Productor 8;3634.60;1;Costa Rica;Guanacaste;Liberia;Harvard University;15;Wheelabrator;Mexico;Sonora;Hermosillo
8;Productor 8;3062.49;1;Costa Rica;Heredia;Heredia;Harvard University;14;New Jersey Resources;Mexico;Sonora;Hermosillo
8;Productor 8;2951.14;1;Costa Rica;Limon;Limon;Harvard University;17;Waste Industries of Canada;Mexico;Sonora;Hermosillo
8;Productor 8;2035.94;1;Costa Rica;Puntarenas;Puntarenas;Harvard University;16;Waste Connections of Canada;Mexico;Sonora;Hermosillo
8;Productor 8;3100.88;1;Costa Rica;San Jose;San Jose;Harvard University;11;Rumpke Consolidated Companies;Mexico;Sonora;Hermosillo
8;Productor 8;2744.86;1;Mexico;Baja California;Tijuana;Harvard University;4;Waste Industries;Mexico;Sonora;Hermosillo
8;Productor 8;2244.90;1;Mexico;Chihuahua;Ciudad Juarez;Harvard University;6;Veolia Environmental Services;Mexico;Sonora;Hermosillo
8;Productor 8;2393.18;1;Mexico;Jalisco;Guadalajara;Harvard University;2;Republic Services;Mexico;Sonora;Hermosillo
8;Productor 8;2854.80;1;Mexico;Mexico;Mexico City;Harvard University;1;Waste Management;Mexico;Sonora;Hermosillo
8;Productor 8;3166.34;1;Mexico;Nuevo Leon;Monterrey;Harvard University;3;Waste Connections;Mexico;Sonora;Hermosillo
8;Productor 8;2889.67;1;Mexico;Oaxaca;Oaxaca de Juarez;Harvard University;9;Waste Pro;Mexico;Sonora;Hermosillo
8;Productor 8;2911.85;1;Mexico;Puebla;Puebla;Harvard University;5;Advanced Disposal Services;Mexico;Sonora;Hermosillo
8;Productor 8;2178.30;1;Mexico;Quintana Roo;Cancun;Harvard University;7;Clean Harbors;Mexico;Sonora;Hermosillo
8;Productor 8;2791.82;1;Mexico;San Luis Potosi;San Luis Potosi;Harvard University;10;Covanta Energy;Mexico;Sonora;Hermosillo
8;Productor 8;2868.05;1;Mexico;Sonora;Hermosillo;Harvard University;8;Stericycle;Mexico;Sonora;Hermosillo
8;Productor 8;2488.98;1;United States;Arizona;Phoenix;Harvard University;18;Green For Life Environmental;Mexico;Sonora;Hermosillo
8;Productor 8;2399.01;1;United States;Arkansas;Little Rock;Harvard University;19;Progressive Waste Solutions;Mexico;Sonora;Hermosillo
8;Productor 8;2519.29;1;United States;California;Los Angeles;Harvard University;20;Waste Management of Canada;Mexico;Sonora;Hermosillo
9;Productor 9;2431.40;1;Costa Rica;Alajuela;Alajuela;Exelon;12;Casella Waste Systems;Mexico;Oaxaca;Oaxaca de Juarez
9;Productor 9;3010.43;1;Costa Rica;Cartago;Cartago;Exelon;13;GFL Environmental;Mexico;Oaxaca;Oaxaca de Juarez
9;Productor 9;2540.87;1;Costa Rica;Guanacaste;Liberia;Exelon;15;Wheelabrator;Mexico;Oaxaca;Oaxaca de Juarez
9;Productor 9;2705.55;1;Costa Rica;Heredia;Heredia;Exelon;14;New Jersey Resources;Mexico;Oaxaca;Oaxaca de Juarez
9;Productor 9;3151.53;1;Costa Rica;Limon;Limon;Exelon;17;Waste Industries of Canada;Mexico;Oaxaca;Oaxaca de Juarez
9;Productor 9;2189.15;1;Costa Rica;Puntarenas;Puntarenas;Exelon;16;Waste Connections of Canada;Mexico;Oaxaca;Oaxaca de Juarez
9;Productor 9;2541.96;1;Costa Rica;San Jose;San Jose;Exelon;11;Rumpke Consolidated Companies;Mexico;Oaxaca;Oaxaca de Juarez
9;Productor 9;2599.25;1;Mexico;Baja California;Tijuana;Exelon;4;Waste Industries;Mexico;Oaxaca;Oaxaca de Juarez
9;Productor 9;2936.65;1;Mexico;Chihuahua;Ciudad Juarez;Exelon;6;Veolia Environmental Services;Mexico;Oaxaca;Oaxaca de Juarez
9;Productor 9;2416.65;1;Mexico;Jalisco;Guadalajara;Exelon;2;Republic Services;Mexico;Oaxaca;Oaxaca de Juarez
9;Productor 9;2718.26;1;Mexico;Mexico;Mexico City;Exelon;1;Waste Management;Mexico;Oaxaca;Oaxaca de Juarez
9;Productor 9;2344.36;1;Mexico;Nuevo Leon;Monterrey;Exelon;3;Waste Connections;Mexico;Oaxaca;Oaxaca de Juarez
9;Productor 9;3176.69;1;Mexico;Oaxaca;Oaxaca de Juarez;Exelon;9;Waste Pro;Mexico;Oaxaca;Oaxaca de Juarez
9;Productor 9;3371.94;1;Mexico;Puebla;Puebla;Exelon;5;Advanced Disposal Services;Mexico;Oaxaca;Oaxaca de Juarez
9;Productor 9;3172.25;1;Mexico;Quintana Roo;Cancun;Exelon;7;Clean Harbors;Mexico;Oaxaca;Oaxaca de Juarez
9;Productor 9;3411.25;1;Mexico;San Luis Potosi;San Luis Potosi;Exelon;10;Covanta Energy;Mexico;Oaxaca;Oaxaca de Juarez
9;Productor 9;2535.68;1;Mexico;Sonora;Hermosillo;Exelon;8;Stericycle;Mexico;Oaxaca;Oaxaca de Juarez
9;Productor 9;3271.70;1;United States;Arizona;Phoenix;Exelon;18;Green For Life Environmental;Mexico;Oaxaca;Oaxaca de Juarez
9;Productor 9;2694.03;1;United States;Arkansas;Little Rock;Exelon;19;Progressive Waste Solutions;Mexico;Oaxaca;Oaxaca de Juarez
9;Productor 9;2977.24;1;United States;California;Los Angeles;Exelon;20;Waste Management of Canada;Mexico;Oaxaca;Oaxaca de Juarez
10;Productor 10;3033.64;1;Costa Rica;Alajuela;Alajuela;JPMorgan Chase;12;Casella Waste Systems;Mexico;San Luis Potosi;San Luis Potosi
10;Productor 10;2255.06;1;Costa Rica;Cartago;Cartago;JPMorgan Chase;13;GFL Environmental;Mexico;San Luis Potosi;San Luis Potosi
10;Productor 10;3607.75;1;Costa Rica;Guanacaste;Liberia;JPMorgan Chase;15;Wheelabrator;Mexico;San Luis Potosi;San Luis Potosi
10;Productor 10;2660.11;1;Costa Rica;Heredia;Heredia;JPMorgan Chase;14;New Jersey Resources;Mexico;San Luis Potosi;San Luis Potosi
10;Productor 10;2805.62;1;Costa Rica;Limon;Limon;JPMorgan Chase;17;Waste Industries of Canada;Mexico;San Luis Potosi;San Luis Potosi
10;Productor 10;2486.02;1;Costa Rica;Puntarenas;Puntarenas;JPMorgan Chase;16;Waste Connections of Canada;Mexico;San Luis Potosi;San Luis Potosi
10;Productor 10;2613.11;1;Costa Rica;San Jose;San Jose;JPMorgan Chase;11;Rumpke Consolidated Companies;Mexico;San Luis Potosi;San Luis Potosi
10;Productor 10;3055.94;1;Mexico;Baja California;Tijuana;JPMorgan Chase;4;Waste Industries;Mexico;San Luis Potosi;San Luis Potosi
10;Productor 10;2759.79;1;Mexico;Chihuahua;Ciudad Juarez;JPMorgan Chase;6;Veolia Environmental Services;Mexico;San Luis Potosi;San Luis Potosi
10;Productor 10;2101.36;1;Mexico;Jalisco;Guadalajara;JPMorgan Chase;2;Republic Services;Mexico;San Luis Potosi;San Luis Potosi
10;Productor 10;2709.84;1;Mexico;Mexico;Mexico City;JPMorgan Chase;1;Waste Management;Mexico;San Luis Potosi;San Luis Potosi
10;Productor 10;3277.71;1;Mexico;Nuevo Leon;Monterrey;JPMorgan Chase;3;Waste Connections;Mexico;San Luis Potosi;San Luis Potosi
10;Productor 10;2829.12;1;Mexico;Oaxaca;Oaxaca de Juarez;JPMorgan Chase;9;Waste Pro;Mexico;San Luis Potosi;San Luis Potosi
10;Productor 10;2841.81;1;Mexico;Puebla;Puebla;JPMorgan Chase;5;Advanced Disposal Services;Mexico;San Luis Potosi;San Luis Potosi
10;Productor 10;3102.20;1;Mexico;Quintana Roo;Cancun;JPMorgan Chase;7;Clean Harbors;Mexico;San Luis Potosi;San Luis Potosi
10;Productor 10;2462.17;1;Mexico;San Luis Potosi;San Luis Potosi;JPMorgan Chase;10;Covanta Energy;Mexico;San Luis Potosi;San Luis Potosi
10;Productor 10;2067.26;1;Mexico;Sonora;Hermosillo;JPMorgan Chase;8;Stericycle;Mexico;San Luis Potosi;San Luis Potosi
10;Productor 10;2203.40;1;United States;Arizona;Phoenix;JPMorgan Chase;18;Green For Life Environmental;Mexico;San Luis Potosi;San Luis Potosi
10;Productor 10;2594.04;1;United States;Arkansas;Little Rock;JPMorgan Chase;19;Progressive Waste Solutions;Mexico;San Luis Potosi;San Luis Potosi
10;Productor 10;3756.25;1;United States;California;Los Angeles;JPMorgan Chase;20;Waste Management of Canada;Mexico;San Luis Potosi;San Luis Potosi
11;Productor 11;2965.83;1;Costa Rica;Alajuela;Alajuela;Apple;12;Casella Waste Systems;Mexico;Mexico;Mexico City
11;Productor 11;2585.10;1;Costa Rica;Cartago;Cartago;Apple;13;GFL Environmental;Mexico;Mexico;Mexico City
11;Productor 11;2180.01;1;Costa Rica;Guanacaste;Liberia;Apple;15;Wheelabrator;Mexico;Mexico;Mexico City
11;Productor 11;2610.58;1;Costa Rica;Heredia;Heredia;Apple;14;New Jersey Resources;Mexico;Mexico;Mexico City
11;Productor 11;3581.53;1;Costa Rica;Limon;Limon;Apple;17;Waste Industries of Canada;Mexico;Mexico;Mexico City
11;Productor 11;2356.75;1;Costa Rica;Puntarenas;Puntarenas;Apple;16;Waste Connections of Canada;Mexico;Mexico;Mexico City
11;Productor 11;2800.01;1;Costa Rica;San Jose;San Jose;Apple;11;Rumpke Consolidated Companies;Mexico;Mexico;Mexico City
11;Productor 11;1813.10;1;Mexico;Baja California;Tijuana;Apple;4;Waste Industries;Mexico;Mexico;Mexico City
11;Productor 11;2581.90;1;Mexico;Chihuahua;Ciudad Juarez;Apple;6;Veolia Environmental Services;Mexico;Mexico;Mexico City
11;Productor 11;3496.23;1;Mexico;Jalisco;Guadalajara;Apple;2;Republic Services;Mexico;Mexico;Mexico City
11;Productor 11;2750.13;1;Mexico;Mexico;Mexico City;Apple;1;Waste Management;Mexico;Mexico;Mexico City
11;Productor 11;2952.81;1;Mexico;Nuevo Leon;Monterrey;Apple;3;Waste Connections;Mexico;Mexico;Mexico City
11;Productor 11;2465.28;1;Mexico;Oaxaca;Oaxaca de Juarez;Apple;9;Waste Pro;Mexico;Mexico;Mexico City
11;Productor 11;2915.39;1;Mexico;Puebla;Puebla;Apple;5;Advanced Disposal Services;Mexico;Mexico;Mexico City
11;Productor 11;2690.14;1;Mexico;Quintana Roo;Cancun;Apple;7;Clean Harbors;Mexico;Mexico;Mexico City
11;Productor 11;2836.17;1;Mexico;San Luis Potosi;San Luis Potosi;Apple;10;Covanta Energy;Mexico;Mexico;Mexico City
11;Productor 11;3397.92;1;Mexico;Sonora;Hermosillo;Apple;8;Stericycle;Mexico;Mexico;Mexico City
11;Productor 11;3123.60;1;United States;Arizona;Phoenix;Apple;18;Green For Life Environmental;Mexico;Mexico;Mexico City
11;Productor 11;2268.90;1;United States;Arkansas;Little Rock;Apple;19;Progressive Waste Solutions;Mexico;Mexico;Mexico City
11;Productor 11;2957.31;1;United States;California;Los Angeles;Apple;20;Waste Management of Canada;Mexico;Mexico;Mexico City
12;Productor 12;2814.99;1;Costa Rica;Alajuela;Alajuela;Ford;12;Casella Waste Systems;Mexico;Jalisco;Guadalajara
12;Productor 12;3142.11;1;Costa Rica;Cartago;Cartago;Ford;13;GFL Environmental;Mexico;Jalisco;Guadalajara
12;Productor 12;2679.54;1;Costa Rica;Guanacaste;Liberia;Ford;15;Wheelabrator;Mexico;Jalisco;Guadalajara
12;Productor 12;3325.25;1;Costa Rica;Heredia;Heredia;Ford;14;New Jersey Resources;Mexico;Jalisco;Guadalajara
12;Productor 12;2546.32;1;Costa Rica;Limon;Limon;Ford;17;Waste Industries of Canada;Mexico;Jalisco;Guadalajara
12;Productor 12;2636.43;1;Costa Rica;Puntarenas;Puntarenas;Ford;16;Waste Connections of Canada;Mexico;Jalisco;Guadalajara
12;Productor 12;3086.77;1;Costa Rica;San Jose;San Jose;Ford;11;Rumpke Consolidated Companies;Mexico;Jalisco;Guadalajara
12;Productor 12;3331.83;1;Mexico;Baja California;Tijuana;Ford;4;Waste Industries;Mexico;Jalisco;Guadalajara
12;Productor 12;3231.21;1;Mexico;Chihuahua;Ciudad Juarez;Ford;6;Veolia Environmental Services;Mexico;Jalisco;Guadalajara
12;Productor 12;2960.80;1;Mexico;Jalisco;Guadalajara;Ford;2;Republic Services;Mexico;Jalisco;Guadalajara
12;Productor 12;2886.11;1;Mexico;Mexico;Mexico City;Ford;1;Waste Management;Mexico;Jalisco;Guadalajara
12;Productor 12;2761.76;1;Mexico;Nuevo Leon;Monterrey;Ford;3;Waste Connections;Mexico;Jalisco;Guadalajara
12;Productor 12;3030.47;1;Mexico;Oaxaca;Oaxaca de Juarez;Ford;9;Waste Pro;Mexico;Jalisco;Guadalajara
12;Productor 12;3049.89;1;Mexico;Puebla;Puebla;Ford;5;Advanced Disposal Services;Mexico;Jalisco;Guadalajara
12;Productor 12;2877.41;1;Mexico;Quintana Roo;Cancun;Ford;7;Clean Harbors;Mexico;Jalisco;Guadalajara
12;Productor 12;2364.50;1;Mexico;San Luis Potosi;San Luis Potosi;Ford;10;Covanta Energy;Mexico;Jalisco;Guadalajara
12;Productor 12;2803.66;1;Mexico;Sonora;Hermosillo;Ford;8;Stericycle;Mexico;Jalisco;Guadalajara
12;Productor 12;2762.16;1;United States;Arizona;Phoenix;Ford;18;Green For Life Environmental;Mexico;Jalisco;Guadalajara
12;Productor 12;3074.92;1;United States;Arkansas;Little Rock;Ford;19;Progressive Waste Solutions;Mexico;Jalisco;Guadalajara
12;Productor 12;2686.86;1;United States;California;Los Angeles;Ford;20;Waste Management of Canada;Mexico;Jalisco;Guadalajara
13;Productor 13;2808.03;1;Costa Rica;Alajuela;Alajuela;Monsanto;12;Casella Waste Systems;Mexico;Nuevo Leon;Monterrey
13;Productor 13;2631.59;1;Costa Rica;Cartago;Cartago;Monsanto;13;GFL Environmental;Mexico;Nuevo Leon;Monterrey
13;Productor 13;2629.37;1;Costa Rica;Guanacaste;Liberia;Monsanto;15;Wheelabrator;Mexico;Nuevo Leon;Monterrey
13;Productor 13;3246.59;1;Costa Rica;Heredia;Heredia;Monsanto;14;New Jersey Resources;Mexico;Nuevo Leon;Monterrey
13;Productor 13;2885.30;1;Costa Rica;Limon;Limon;Monsanto;17;Waste Industries of Canada;Mexico;Nuevo Leon;Monterrey
13;Productor 13;2738.52;1;Costa Rica;Puntarenas;Puntarenas;Monsanto;16;Waste Connections of Canada;Mexico;Nuevo Leon;Monterrey
13;Productor 13;2767.56;1;Costa Rica;San Jose;San Jose;Monsanto;11;Rumpke Consolidated Companies;Mexico;Nuevo Leon;Monterrey
13;Productor 13;2723.48;1;Mexico;Baja California;Tijuana;Monsanto;4;Waste Industries;Mexico;Nuevo Leon;Monterrey
13;Productor 13;2847.10;1;Mexico;Chihuahua;Ciudad Juarez;Monsanto;6;Veolia Environmental Services;Mexico;Nuevo Leon;Monterrey
13;Productor 13;2539.52;1;Mexico;Jalisco;Guadalajara;Monsanto;2;Republic Services;Mexico;Nuevo Leon;Monterrey
13;Productor 13;2941.21;1;Mexico;Mexico;Mexico City;Monsanto;1;Waste Management;Mexico;Nuevo Leon;Monterrey
13;Productor 13;1971.87;1;Mexico;Nuevo Leon;Monterrey;Monsanto;3;Waste Connections;Mexico;Nuevo Leon;Monterrey
13;Productor 13;2615.20;1;Mexico;Oaxaca;Oaxaca de Juarez;Monsanto;9;Waste Pro;Mexico;Nuevo Leon;Monterrey
13;Productor 13;3195.87;1;Mexico;Puebla;Puebla;Monsanto;5;Advanced Disposal Services;Mexico;Nuevo Leon;Monterrey
13;Productor 13;2712.94;1;Mexico;Quintana Roo;Cancun;Monsanto;7;Clean Harbors;Mexico;Nuevo Leon;Monterrey
13;Productor 13;3845.22;1;Mexico;San Luis Potosi;San Luis Potosi;Monsanto;10;Covanta Energy;Mexico;Nuevo Leon;Monterrey
13;Productor 13;3234.56;1;Mexico;Sonora;Hermosillo;Monsanto;8;Stericycle;Mexico;Nuevo Leon;Monterrey
13;Productor 13;2282.78;1;United States;Arizona;Phoenix;Monsanto;18;Green For Life Environmental;Mexico;Nuevo Leon;Monterrey
13;Productor 13;1761.84;1;United States;Arkansas;Little Rock;Monsanto;19;Progressive Waste Solutions;Mexico;Nuevo Leon;Monterrey
13;Productor 13;2698.76;1;United States;California;Los Angeles;Monsanto;20;Waste Management of Canada;Mexico;Nuevo Leon;Monterrey
14;Productor 14;2906.61;1;Costa Rica;Alajuela;Alajuela;Chevron;12;Casella Waste Systems;Mexico;Baja California;Tijuana
14;Productor 14;3355.70;1;Costa Rica;Cartago;Cartago;Chevron;13;GFL Environmental;Mexico;Baja California;Tijuana
14;Productor 14;3077.64;1;Costa Rica;Guanacaste;Liberia;Chevron;15;Wheelabrator;Mexico;Baja California;Tijuana
14;Productor 14;2622.62;1;Costa Rica;Heredia;Heredia;Chevron;14;New Jersey Resources;Mexico;Baja California;Tijuana
14;Productor 14;4045.02;1;Costa Rica;Limon;Limon;Chevron;17;Waste Industries of Canada;Mexico;Baja California;Tijuana
14;Productor 14;2918.56;1;Costa Rica;Puntarenas;Puntarenas;Chevron;16;Waste Connections of Canada;Mexico;Baja California;Tijuana
14;Productor 14;2674.56;1;Costa Rica;San Jose;San Jose;Chevron;11;Rumpke Consolidated Companies;Mexico;Baja California;Tijuana
14;Productor 14;2284.15;1;Mexico;Baja California;Tijuana;Chevron;4;Waste Industries;Mexico;Baja California;Tijuana
14;Productor 14;3253.22;1;Mexico;Chihuahua;Ciudad Juarez;Chevron;6;Veolia Environmental Services;Mexico;Baja California;Tijuana
14;Productor 14;1786.58;1;Mexico;Jalisco;Guadalajara;Chevron;2;Republic Services;Mexico;Baja California;Tijuana
14;Productor 14;3052.16;1;Mexico;Mexico;Mexico City;Chevron;1;Waste Management;Mexico;Baja California;Tijuana
14;Productor 14;2430.41;1;Mexico;Nuevo Leon;Monterrey;Chevron;3;Waste Connections;Mexico;Baja California;Tijuana
14;Productor 14;3287.61;1;Mexico;Oaxaca;Oaxaca de Juarez;Chevron;9;Waste Pro;Mexico;Baja California;Tijuana
14;Productor 14;3267.58;1;Mexico;Puebla;Puebla;Chevron;5;Advanced Disposal Services;Mexico;Baja California;Tijuana
14;Productor 14;2947.53;1;Mexico;Quintana Roo;Cancun;Chevron;7;Clean Harbors;Mexico;Baja California;Tijuana
14;Productor 14;2616.60;1;Mexico;San Luis Potosi;San Luis Potosi;Chevron;10;Covanta Energy;Mexico;Baja California;Tijuana
14;Productor 14;2946.92;1;Mexico;Sonora;Hermosillo;Chevron;8;Stericycle;Mexico;Baja California;Tijuana
14;Productor 14;2112.47;1;United States;Arizona;Phoenix;Chevron;18;Green For Life Environmental;Mexico;Baja California;Tijuana
14;Productor 14;1830.38;1;United States;Arkansas;Little Rock;Chevron;19;Progressive Waste Solutions;Mexico;Baja California;Tijuana
14;Productor 14;2399.19;1;United States;California;Los Angeles;Chevron;20;Waste Management of Canada;Mexico;Baja California;Tijuana
15;Productor 15;2364.30;1;Costa Rica;Alajuela;Alajuela;Walmart;12;Casella Waste Systems;Mexico;Puebla;Puebla
15;Productor 15;3202.81;1;Costa Rica;Cartago;Cartago;Walmart;13;GFL Environmental;Mexico;Puebla;Puebla
15;Productor 15;2421.50;1;Costa Rica;Guanacaste;Liberia;Walmart;15;Wheelabrator;Mexico;Puebla;Puebla
15;Productor 15;3213.85;1;Costa Rica;Heredia;Heredia;Walmart;14;New Jersey Resources;Mexico;Puebla;Puebla
15;Productor 15;2768.39;1;Costa Rica;Limon;Limon;Walmart;17;Waste Industries of Canada;Mexico;Puebla;Puebla
15;Productor 15;2787.08;1;Costa Rica;Puntarenas;Puntarenas;Walmart;16;Waste Connections of Canada;Mexico;Puebla;Puebla
15;Productor 15;2245.13;1;Costa Rica;San Jose;San Jose;Walmart;11;Rumpke Consolidated Companies;Mexico;Puebla;Puebla
15;Productor 15;3327.85;1;Mexico;Baja California;Tijuana;Walmart;4;Waste Industries;Mexico;Puebla;Puebla
15;Productor 15;2870.48;1;Mexico;Chihuahua;Ciudad Juarez;Walmart;6;Veolia Environmental Services;Mexico;Puebla;Puebla
15;Productor 15;2885.31;1;Mexico;Jalisco;Guadalajara;Walmart;2;Republic Services;Mexico;Puebla;Puebla
15;Productor 15;2727.92;1;Mexico;Mexico;Mexico City;Walmart;1;Waste Management;Mexico;Puebla;Puebla
15;Productor 15;2475.34;1;Mexico;Nuevo Leon;Monterrey;Walmart;3;Waste Connections;Mexico;Puebla;Puebla
15;Productor 15;3382.03;1;Mexico;Oaxaca;Oaxaca de Juarez;Walmart;9;Waste Pro;Mexico;Puebla;Puebla
15;Productor 15;2780.82;1;Mexico;Puebla;Puebla;Walmart;5;Advanced Disposal Services;Mexico;Puebla;Puebla
15;Productor 15;2483.75;1;Mexico;Quintana Roo;Cancun;Walmart;7;Clean Harbors;Mexico;Puebla;Puebla
15;Productor 15;2642.07;1;Mexico;San Luis Potosi;San Luis Potosi;Walmart;10;Covanta Energy;Mexico;Puebla;Puebla
15;Productor 15;2611.72;1;Mexico;Sonora;Hermosillo;Walmart;8;Stericycle;Mexico;Puebla;Puebla
15;Productor 15;2645.64;1;United States;Arizona;Phoenix;Walmart;18;Green For Life Environmental;Mexico;Puebla;Puebla
15;Productor 15;2617.96;1;United States;Arkansas;Little Rock;Walmart;19;Progressive Waste Solutions;Mexico;Puebla;Puebla
15;Productor 15;2510.13;1;United States;California;Los Angeles;Walmart;20;Waste Management of Canada;Mexico;Puebla;Puebla
16;Productor 16;2802.72;1;Costa Rica;Alajuela;Alajuela;FedEx;12;Casella Waste Systems;Mexico;Chihuahua;Ciudad Juarez
16;Productor 16;2177.60;1;Costa Rica;Cartago;Cartago;FedEx;13;GFL Environmental;Mexico;Chihuahua;Ciudad Juarez
16;Productor 16;2840.36;1;Costa Rica;Guanacaste;Liberia;FedEx;15;Wheelabrator;Mexico;Chihuahua;Ciudad Juarez
16;Productor 16;3453.01;1;Costa Rica;Heredia;Heredia;FedEx;14;New Jersey Resources;Mexico;Chihuahua;Ciudad Juarez
16;Productor 16;2671.04;1;Costa Rica;Limon;Limon;FedEx;17;Waste Industries of Canada;Mexico;Chihuahua;Ciudad Juarez
16;Productor 16;2701.30;1;Costa Rica;Puntarenas;Puntarenas;FedEx;16;Waste Connections of Canada;Mexico;Chihuahua;Ciudad Juarez
16;Productor 16;2334.58;1;Costa Rica;San Jose;San Jose;FedEx;11;Rumpke Consolidated Companies;Mexico;Chihuahua;Ciudad Juarez
16;Productor 16;2307.46;1;Mexico;Baja California;Tijuana;FedEx;4;Waste Industries;Mexico;Chihuahua;Ciudad Juarez
16;Productor 16;2426.64;1;Mexico;Chihuahua;Ciudad Juarez;FedEx;6;Veolia Environmental Services;Mexico;Chihuahua;Ciudad Juarez
16;Productor 16;2410.69;1;Mexico;Jalisco;Guadalajara;FedEx;2;Republic Services;Mexico;Chihuahua;Ciudad Juarez
16;Productor 16;3347.94;1;Mexico;Mexico;Mexico City;FedEx;1;Waste Management;Mexico;Chihuahua;Ciudad Juarez
16;Productor 16;2004.91;1;Mexico;Nuevo Leon;Monterrey;FedEx;3;Waste Connections;Mexico;Chihuahua;Ciudad Juarez
16;Productor 16;2696.17;1;Mexico;Oaxaca;Oaxaca de Juarez;FedEx;9;Waste Pro;Mexico;Chihuahua;Ciudad Juarez
16;Productor 16;1840.24;1;Mexico;Puebla;Puebla;FedEx;5;Advanced Disposal Services;Mexico;Chihuahua;Ciudad Juarez
16;Productor 16;2653.69;1;Mexico;Quintana Roo;Cancun;FedEx;7;Clean Harbors;Mexico;Chihuahua;Ciudad Juarez
16;Productor 16;3248.23;1;Mexico;San Luis Potosi;San Luis Potosi;FedEx;10;Covanta Energy;Mexico;Chihuahua;Ciudad Juarez
16;Productor 16;2735.26;1;Mexico;Sonora;Hermosillo;FedEx;8;Stericycle;Mexico;Chihuahua;Ciudad Juarez
16;Productor 16;2643.80;1;United States;Arizona;Phoenix;FedEx;18;Green For Life Environmental;Mexico;Chihuahua;Ciudad Juarez
16;Productor 16;2580.54;1;United States;Arkansas;Little Rock;FedEx;19;Progressive Waste Solutions;Mexico;Chihuahua;Ciudad Juarez
16;Productor 16;2189.75;1;United States;California;Los Angeles;FedEx;20;Waste Management of Canada;Mexico;Chihuahua;Ciudad Juarez
17;Productor 17;2652.22;1;Costa Rica;Alajuela;Alajuela;Harvard University;12;Casella Waste Systems;Mexico;Quintana Roo;Cancun
17;Productor 17;3129.03;1;Costa Rica;Cartago;Cartago;Harvard University;13;GFL Environmental;Mexico;Quintana Roo;Cancun
17;Productor 17;2601.11;1;Costa Rica;Guanacaste;Liberia;Harvard University;15;Wheelabrator;Mexico;Quintana Roo;Cancun
17;Productor 17;2897.05;1;Costa Rica;Heredia;Heredia;Harvard University;14;New Jersey Resources;Mexico;Quintana Roo;Cancun
17;Productor 17;2670.58;1;Costa Rica;Limon;Limon;Harvard University;17;Waste Industries of Canada;Mexico;Quintana Roo;Cancun
17;Productor 17;3141.21;1;Costa Rica;Puntarenas;Puntarenas;Harvard University;16;Waste Connections of Canada;Mexico;Quintana Roo;Cancun
17;Productor 17;2672.88;1;Costa Rica;San Jose;San Jose;Harvard University;11;Rumpke Consolidated Companies;Mexico;Quintana Roo;Cancun
17;Productor 17;3317.68;1;Mexico;Baja California;Tijuana;Harvard University;4;Waste Industries;Mexico;Quintana Roo;Cancun
17;Productor 17;2826.59;1;Mexico;Chihuahua;Ciudad Juarez;Harvard University;6;Veolia Environmental Services;Mexico;Quintana Roo;Cancun
17;Productor 17;2237.02;1;Mexico;Jalisco;Guadalajara;Harvard University;2;Republic Services;Mexico;Quintana Roo;Cancun
17;Productor 17;3214.35;1;Mexico;Mexico;Mexico City;Harvard University;1;Waste Management;Mexico;Quintana Roo;Cancun
17;Productor 17;2088.59;1;Mexico;Nuevo Leon;Monterrey;Harvard University;3;Waste Connections;Mexico;Quintana Roo;Cancun
17;Productor 17;2578.33;1;Mexico;Oaxaca;Oaxaca de Juarez;Harvard University;9;Waste Pro;Mexico;Quintana Roo;Cancun
17;Productor 17;2488.41;1;Mexico;Puebla;Puebla;Harvard University;5;Advanced Disposal Services;Mexico;Quintana Roo;Cancun
17;Productor 17;1763.69;1;Mexico;Quintana Roo;Cancun;Harvard University;7;Clean Harbors;Mexico;Quintana Roo;Cancun
17;Productor 17;3049.96;1;Mexico;San Luis Potosi;San Luis Potosi;Harvard University;10;Covanta Energy;Mexico;Quintana Roo;Cancun
17;Productor 17;3156.69;1;Mexico;Sonora;Hermosillo;Harvard University;8;Stericycle;Mexico;Quintana Roo;Cancun
17;Productor 17;3247.45;1;United States;Arizona;Phoenix;Harvard University;18;Green For Life Environmental;Mexico;Quintana Roo;Cancun
17;Productor 17;3382.70;1;United States;Arkansas;Little Rock;Harvard University;19;Progressive Waste Solutions;Mexico;Quintana Roo;Cancun
17;Productor 17;2516.76;1;United States;California;Los Angeles;Harvard University;20;Waste Management of Canada;Mexico;Quintana Roo;Cancun
18;Productor 18;2103.34;1;Costa Rica;Alajuela;Alajuela;JPMorgan Chase;12;Casella Waste Systems;Mexico;Sonora;Hermosillo
18;Productor 18;3384.27;1;Costa Rica;Cartago;Cartago;JPMorgan Chase;13;GFL Environmental;Mexico;Sonora;Hermosillo
18;Productor 18;2372.66;1;Costa Rica;Guanacaste;Liberia;JPMorgan Chase;15;Wheelabrator;Mexico;Sonora;Hermosillo
18;Productor 18;2585.57;1;Costa Rica;Heredia;Heredia;JPMorgan Chase;14;New Jersey Resources;Mexico;Sonora;Hermosillo
18;Productor 18;3074.77;1;Costa Rica;Limon;Limon;JPMorgan Chase;17;Waste Industries of Canada;Mexico;Sonora;Hermosillo
18;Productor 18;2243.09;1;Costa Rica;Puntarenas;Puntarenas;JPMorgan Chase;16;Waste Connections of Canada;Mexico;Sonora;Hermosillo
18;Productor 18;2822.36;1;Costa Rica;San Jose;San Jose;JPMorgan Chase;11;Rumpke Consolidated Companies;Mexico;Sonora;Hermosillo
18;Productor 18;2780.03;1;Mexico;Baja California;Tijuana;JPMorgan Chase;4;Waste Industries;Mexico;Sonora;Hermosillo
18;Productor 18;2200.04;1;Mexico;Chihuahua;Ciudad Juarez;JPMorgan Chase;6;Veolia Environmental Services;Mexico;Sonora;Hermosillo
18;Productor 18;2839.43;1;Mexico;Jalisco;Guadalajara;JPMorgan Chase;2;Republic Services;Mexico;Sonora;Hermosillo
18;Productor 18;2515.35;1;Mexico;Mexico;Mexico City;JPMorgan Chase;1;Waste Management;Mexico;Sonora;Hermosillo
18;Productor 18;2807.83;1;Mexico;Nuevo Leon;Monterrey;JPMorgan Chase;3;Waste Connections;Mexico;Sonora;Hermosillo
18;Productor 18;3048.03;1;Mexico;Oaxaca;Oaxaca de Juarez;JPMorgan Chase;9;Waste Pro;Mexico;Sonora;Hermosillo
18;Productor 18;2566.38;1;Mexico;Puebla;Puebla;JPMorgan Chase;5;Advanced Disposal Services;Mexico;Sonora;Hermosillo
18;Productor 18;3143.03;1;Mexico;Quintana Roo;Cancun;JPMorgan Chase;7;Clean Harbors;Mexico;Sonora;Hermosillo
18;Productor 18;2962.68;1;Mexico;San Luis Potosi;San Luis Potosi;JPMorgan Chase;10;Covanta Energy;Mexico;Sonora;Hermosillo
18;Productor 18;2264.08;1;Mexico;Sonora;Hermosillo;JPMorgan Chase;8;Stericycle;Mexico;Sonora;Hermosillo
18;Productor 18;2290.70;1;United States;Arizona;Phoenix;JPMorgan Chase;18;Green For Life Environmental;Mexico;Sonora;Hermosillo
18;Productor 18;3664.43;1;United States;Arkansas;Little Rock;JPMorgan Chase;19;Progressive Waste Solutions;Mexico;Sonora;Hermosillo
18;Productor 18;2601.56;1;United States;California;Los Angeles;JPMorgan Chase;20;Waste Management of Canada;Mexico;Sonora;Hermosillo
19;Productor 19;1880.43;1;Costa Rica;Alajuela;Alajuela;Kaiser Permanente;12;Casella Waste Systems;Mexico;Oaxaca;Oaxaca de Juarez
19;Productor 19;2107.18;1;Costa Rica;Cartago;Cartago;Kaiser Permanente;13;GFL Environmental;Mexico;Oaxaca;Oaxaca de Juarez
19;Productor 19;2444.72;1;Costa Rica;Guanacaste;Liberia;Kaiser Permanente;15;Wheelabrator;Mexico;Oaxaca;Oaxaca de Juarez
19;Productor 19;2434.64;1;Costa Rica;Heredia;Heredia;Kaiser Permanente;14;New Jersey Resources;Mexico;Oaxaca;Oaxaca de Juarez
19;Productor 19;2615.20;1;Costa Rica;Limon;Limon;Kaiser Permanente;17;Waste Industries of Canada;Mexico;Oaxaca;Oaxaca de Juarez
19;Productor 19;2277.39;1;Costa Rica;Puntarenas;Puntarenas;Kaiser Permanente;16;Waste Connections of Canada;Mexico;Oaxaca;Oaxaca de Juarez
19;Productor 19;2967.80;1;Costa Rica;San Jose;San Jose;Kaiser Permanente;11;Rumpke Consolidated Companies;Mexico;Oaxaca;Oaxaca de Juarez
19;Productor 19;2485.68;1;Mexico;Baja California;Tijuana;Kaiser Permanente;4;Waste Industries;Mexico;Oaxaca;Oaxaca de Juarez
19;Productor 19;2919.34;1;Mexico;Chihuahua;Ciudad Juarez;Kaiser Permanente;6;Veolia Environmental Services;Mexico;Oaxaca;Oaxaca de Juarez
19;Productor 19;2632.29;1;Mexico;Jalisco;Guadalajara;Kaiser Permanente;2;Republic Services;Mexico;Oaxaca;Oaxaca de Juarez
19;Productor 19;2638.64;1;Mexico;Mexico;Mexico City;Kaiser Permanente;1;Waste Management;Mexico;Oaxaca;Oaxaca de Juarez
19;Productor 19;3576.79;1;Mexico;Nuevo Leon;Monterrey;Kaiser Permanente;3;Waste Connections;Mexico;Oaxaca;Oaxaca de Juarez
19;Productor 19;2894.21;1;Mexico;Oaxaca;Oaxaca de Juarez;Kaiser Permanente;9;Waste Pro;Mexico;Oaxaca;Oaxaca de Juarez
19;Productor 19;2776.38;1;Mexico;Puebla;Puebla;Kaiser Permanente;5;Advanced Disposal Services;Mexico;Oaxaca;Oaxaca de Juarez
19;Productor 19;2997.76;1;Mexico;Quintana Roo;Cancun;Kaiser Permanente;7;Clean Harbors;Mexico;Oaxaca;Oaxaca de Juarez
19;Productor 19;2524.52;1;Mexico;San Luis Potosi;San Luis Potosi;Kaiser Permanente;10;Covanta Energy;Mexico;Oaxaca;Oaxaca de Juarez
19;Productor 19;2763.62;1;Mexico;Sonora;Hermosillo;Kaiser Permanente;8;Stericycle;Mexico;Oaxaca;Oaxaca de Juarez
19;Productor 19;2594.35;1;United States;Arizona;Phoenix;Kaiser Permanente;18;Green For Life Environmental;Mexico;Oaxaca;Oaxaca de Juarez
19;Productor 19;3029.39;1;United States;Arkansas;Little Rock;Kaiser Permanente;19;Progressive Waste Solutions;Mexico;Oaxaca;Oaxaca de Juarez
19;Productor 19;3151.22;1;United States;California;Los Angeles;Kaiser Permanente;20;Waste Management of Canada;Mexico;Oaxaca;Oaxaca de Juarez
20;Productor 20;3004.53;1;Costa Rica;Alajuela;Alajuela;Exelon;12;Casella Waste Systems;Mexico;San Luis Potosi;San Luis Potosi
20;Productor 20;2466.51;1;Costa Rica;Cartago;Cartago;Exelon;13;GFL Environmental;Mexico;San Luis Potosi;San Luis Potosi
20;Productor 20;3261.02;1;Costa Rica;Guanacaste;Liberia;Exelon;15;Wheelabrator;Mexico;San Luis Potosi;San Luis Potosi
20;Productor 20;2656.51;1;Costa Rica;Heredia;Heredia;Exelon;14;New Jersey Resources;Mexico;San Luis Potosi;San Luis Potosi
20;Productor 20;3002.78;1;Costa Rica;Limon;Limon;Exelon;17;Waste Industries of Canada;Mexico;San Luis Potosi;San Luis Potosi
20;Productor 20;2441.96;1;Costa Rica;Puntarenas;Puntarenas;Exelon;16;Waste Connections of Canada;Mexico;San Luis Potosi;San Luis Potosi
20;Productor 20;2049.91;1;Costa Rica;San Jose;San Jose;Exelon;11;Rumpke Consolidated Companies;Mexico;San Luis Potosi;San Luis Potosi
20;Productor 20;3788.65;1;Mexico;Baja California;Tijuana;Exelon;4;Waste Industries;Mexico;San Luis Potosi;San Luis Potosi
20;Productor 20;2633.50;1;Mexico;Chihuahua;Ciudad Juarez;Exelon;6;Veolia Environmental Services;Mexico;San Luis Potosi;San Luis Potosi
20;Productor 20;3437.02;1;Mexico;Jalisco;Guadalajara;Exelon;2;Republic Services;Mexico;San Luis Potosi;San Luis Potosi
20;Productor 20;2012.60;1;Mexico;Mexico;Mexico City;Exelon;1;Waste Management;Mexico;San Luis Potosi;San Luis Potosi
20;Productor 20;2584.32;1;Mexico;Nuevo Leon;Monterrey;Exelon;3;Waste Connections;Mexico;San Luis Potosi;San Luis Potosi
20;Productor 20;2829.01;1;Mexico;Oaxaca;Oaxaca de Juarez;Exelon;9;Waste Pro;Mexico;San Luis Potosi;San Luis Potosi
20;Productor 20;1427.90;1;Mexico;Puebla;Puebla;Exelon;5;Advanced Disposal Services;Mexico;San Luis Potosi;San Luis Potosi
20;Productor 20;2293.75;1;Mexico;Quintana Roo;Cancun;Exelon;7;Clean Harbors;Mexico;San Luis Potosi;San Luis Potosi
20;Productor 20;3109.31;1;Mexico;San Luis Potosi;San Luis Potosi;Exelon;10;Covanta Energy;Mexico;San Luis Potosi;San Luis Potosi
20;Productor 20;2633.52;1;Mexico;Sonora;Hermosillo;Exelon;8;Stericycle;Mexico;San Luis Potosi;San Luis Potosi
20;Productor 20;2617.30;1;United States;Arizona;Phoenix;Exelon;18;Green For Life Environmental;Mexico;San Luis Potosi;San Luis Potosi
20;Productor 20;3440.33;1;United States;Arkansas;Little Rock;Exelon;19;Progressive Waste Solutions;Mexico;San Luis Potosi;San Luis Potosi
20;Productor 20;2499.57;1;United States;California;Los Angeles;Exelon;20;Waste Management of Canada;Mexico;San Luis Potosi;San Luis Potosi
